output_id,A133HLDA3JJV0M,A17QWRCEPG0775,A1E80Q7U5UXLMS,A2P3XETFFG5K7J,A3240Z3SG99X06,A39KQ6Q83RH3NO
B4o-001,—,—,—,1.0,—,—
B4o-002,2.5,—,—,—,2.0,5.0
B4o-003,—,—,—,—,1.0,—
B4o-004,1.0,—,—,—,2.0,—
B4o-005,1.0,—,—,1.0,—,—
B4o-006,—,1.0,—,—,—,1.0
B4o-007,—,1.0,—,—,—,—
B4o-008,2.0,—,—,1.0,—,—
B4o-009,—,—,—,—,1.0,—
B4o-011,—,1.0,—,—,—,—
B4o-012,—,—,5.0,5.0,—,—
B4o-013,—,5.0,—,—,—,—
B4o-014,4.0,—,—,—,4.0,—
B4o-015,—,—,—,1.0,—,—
B4o-016,1.0,—,—,1.0,—,—
B4o-017,—,—,—,—,1.0,—
B4o-018,5.0,3.0,—,—,—,5.0
B4o-019,—,—,5.0,—,5.0,—
B4o-021,5.0,—,—,—,4.0,—
B4o-022,4.0,—,—,—,5.0,—
B4o-023,—,—,—,5.0,—,—
B4o-024,5.0,—,—,5.0,—,—
B4o-025,3.6666666666666665,—,—,4.0,—,—
B4o-026,1.0,—,—,—,5.0,—
B4o-027,4.0,—,—,5.0,—,—
B4o-028,1.5,2.0,—,—,—,—
B4o-029,—,—,—,1.0,—,—
B4o-031,—,—,—,1.0,—,—
B4o-032,—,—,—,5.0,—,—
B4o-033,—,—,—,5.0,—,—
B4o-034,1.0,—,—,5.0,—,—
B4o-035,—,—,—,—,5.0,—
B4o-036,—,—,—,5.0,—,—
B4o-037,4.0,—,—,4.0,—,—
B4o-038,—,—,—,5.0,—,—
B4o-039,4.0,—,—,—,5.0,—
B4o-041,1.0,—,—,—,1.0,—
B4o-042,—,—,—,—,1.0,—
B4o-043,—,—,—,1.0,—,—
B4o-044,1.5,—,—,—,1.0,—
B4o-045,—,1.0,—,—,—,—
B4o-046,—,—,—,1.0,—,—
B4o-047,—,—,—,5.0,—,—
B4o-048,3.0,—,—,—,2.0,—
B4o-049,2.0,—,—,—,2.0,—
B4o-051,3.0,—,—,—,4.0,3.0
B4o-052,—,2.0,—,—,—,1.0
B4o-053,—,—,—,—,1.0,1.0
B4o-054,3.0,4.0,—,—,—,3.0
B4o-055,2.5,—,—,2.0,—,—
B4o-056,—,—,—,—,1.0,—
B4o-057,3.0,—,—,—,3.0,2.0
B4o-058,3.0,—,3.0,—,3.0,3.0
B4o-059,4.0,—,—,4.0,—,—
B4o-061,—,—,—,—,4.0,1.0
B4o-062,—,1.0,—,—,—,—
B4o-063,4.0,—,—,—,4.0,—
B4o-064,—,1.0,—,—,—,—
B4o-065,4.0,—,—,—,5.0,—
B4o-066,4.5,—,—,—,5.0,—
B4o-067,2.0,—,—,2.0,—,—
B4o-068,3.0,—,4.0,4.0,—,—
B4o-069,5.0,5.0,—,—,—,—
B4o-071,4.0,—,—,4.0,—,—
B4o-072,—,—,—,—,5.0,—
B4o-073,4.0,—,—,—,4.0,—
B4o-074,3.3333333333333335,—,—,—,4.0,—
B4o-075,2.0,—,2.0,2.0,—,2.0
B4o-076,4.0,—,—,—,4.0,—
B4o-077,3.0,—,—,4.0,—,—
B4o-078,5.0,—,—,4.0,—,—
B4o-079,2.0,—,—,—,2.0,—
B4o-081,5.0,—,—,—,5.0,1.0
B4o-082,5.0,—,—,5.0,—,—
B4o-083,4.0,—,—,—,4.0,—
B4o-084,3.0,—,3.0,—,2.0,5.0
B4o-085,3.75,—,—,4.0,—,—
B4o-086,2.0,2.0,—,—,—,—
B4o-087,4.0,—,—,—,4.0,—
B4o-088,—,—,—,—,5.0,—
B4o-089,—,—,—,4.0,—,1.0
B4o-091,3.0,—,—,3.0,—,3.0
B4o-092,—,—,—,—,1.0,—
B4o-093,2.0,—,3.0,3.0,—,2.0
B4o-094,4.0,5.0,—,—,—,—
B4o-095,3.0,2.0,—,—,—,—
B4o-096,5.0,4.0,—,—,—,—
B4o-097,3.3333333333333335,—,—,4.0,—,—
B4o-098,2.0,—,—,2.0,—,—
B4o-099,2.0,—,—,—,2.0,3.0
B5-001,—,1.0,—,—,—,—
B5-002,1.0,—,—,—,4.0,4.0
B5-003,4.0,—,—,—,4.0,—
B5-004,2.0,—,1.0,—,3.0,—
B5-005,1.0,—,—,1.0,—,2.0
B5-006,4.0,4.0,—,—,—,—
B5-007,3.0,—,—,3.0,—,—
B5-008,—,—,—,—,3.0,3.0
B5-009,3.0,—,—,—,3.0,—
B5-011,1.0,—,—,1.0,—,—
B5-012,4.5,—,—,—,4.0,—
B5-013,—,—,—,5.0,—,—
B5-014,3.5,—,—,—,4.0,—
B5-015,—,—,—,1.0,—,—
B5-016,—,1.0,—,—,—,—
B5-017,—,—,—,—,1.0,1.0
B5-018,4.0,—,—,4.0,—,—
B5-019,—,—,—,5.0,—,5.0
B5-021,4.5,—,—,4.0,—,—
B5-022,5.0,—,—,—,5.0,—
B5-023,5.0,—,—,—,4.0,—
B5-024,5.0,—,—,—,4.0,—
B5-025,4.0,—,—,4.0,—,—
B5-026,—,—,—,—,5.0,—
B5-027,—,—,—,—,5.0,—
B5-028,1.0,1.0,—,—,—,—
B5-029,—,—,—,1.0,—,—
B5-031,2.0,2.0,—,—,—,—
B5-032,1.0,4.0,—,—,—,—
B5-033,—,—,—,5.0,—,—
B5-034,1.0,—,—,—,5.0,—
B5-035,2.0,—,2.0,5.0,—,—
B5-036,5.0,—,—,1.0,—,—
B5-037,4.0,—,—,—,2.0,—
B5-038,4.0,—,—,—,4.0,—
B5-039,5.0,—,—,—,5.0,—
B5-041,4.0,—,—,1.0,—,—
B5-042,—,—,—,—,1.0,—
B5-043,1.0,—,—,—,2.0,—
B5-044,1.0,—,—,—,1.0,—
B5-045,—,—,—,—,1.0,—
B5-046,—,—,—,—,1.0,—
B5-047,—,—,—,—,5.0,—
B5-048,3.0,2.0,—,—,—,—
B5-049,1.0,—,1.0,—,2.0,—
B5-051,2.0,4.0,—,—,—,—
B5-052,4.0,4.0,—,—,—,—
B5-053,—,—,—,1.0,—,—
B5-054,3.0,—,3.0,—,3.0,—
B5-055,1.0,—,—,—,2.0,—
B5-056,1.0,—,—,1.0,—,—
B5-057,4.0,—,—,—,4.0,—
B5-058,—,—,—,—,1.0,—
B5-059,4.0,—,—,—,4.0,3.0
B5-061,5.0,5.0,—,—,—,—
B5-062,—,—,—,—,1.0,—
B5-063,4.0,—,—,—,5.0,—
B5-064,1.0,—,—,—,1.0,—
B5-065,5.0,—,—,—,5.0,—
B5-066,3.6666666666666665,5.0,—,—,—,—
B5-067,—,—,—,—,1.0,—
B5-068,—,—,—,—,5.0,—
B5-069,4.0,—,—,—,4.0,—
B5-071,2.0,—,—,—,3.0,—
B5-072,3.0,—,—,5.0,—,—
B5-073,—,—,—,5.0,—,—
B5-074,5.0,—,—,—,5.0,—
B5-075,1.0,—,—,—,2.0,—
B5-076,—,—,—,—,5.0,—
B5-077,—,—,3.0,3.0,—,—
B5-078,4.5,—,—,5.0,—,—
B5-079,—,—,—,—,1.0,—
B5-081,4.0,—,—,5.0,—,—
B5-082,—,4.0,—,—,—,—
B5-083,—,—,—,5.0,—,—
B5-084,—,1.0,—,—,—,—
B5-085,—,—,5.0,4.0,—,—
B5-086,—,—,—,—,2.0,—
B5-087,4.0,5.0,—,—,—,—
B5-088,—,—,—,5.0,—,—
B5-089,5.0,—,—,5.0,—,—
B5-091,1.0,1.0,—,—,—,—
B5-092,1.0,—,—,—,1.0,—
B5-093,5.0,—,—,—,5.0,—
B5-094,3.0,—,—,—,4.0,—
B5-095,2.0,1.0,—,—,—,—
B5-096,4.0,—,—,5.0,—,—
B5-097,4.0,—,—,4.0,—,—
B5-098,—,—,1.0,—,2.0,—
B5-099,—,1.0,—,—,—,—
BD-001,—,—,—,1.0,—,—
BD-002,—,1.0,—,—,—,—
BD-003,—,—,—,—,1.0,—
BD-004,—,—,—,—,1.0,—
BD-005,1.0,—,1.0,—,2.0,—
BD-006,—,—,—,1.0,—,—
BD-007,—,—,—,—,1.0,—
BD-008,—,1.0,—,—,—,—
BD-009,—,1.0,—,—,—,—
BD-011,—,1.0,—,—,—,—
BD-012,—,1.0,—,—,—,—
BD-013,1.0,—,1.0,—,1.0,—
BD-014,1.0,—,—,1.0,—,—
BD-015,—,—,—,—,1.0,—
BD-016,1.0,—,—,—,1.0,—
BD-017,—,—,—,—,1.0,1.0
BD-018,—,—,—,—,1.0,—
BD-019,—,—,—,—,1.0,—
BD-021,5.0,—,—,—,5.0,—
BD-022,5.0,5.0,—,—,—,—
BD-023,1.0,—,—,—,1.0,1.0
BD-024,—,—,—,5.0,—,—
BD-025,—,—,—,—,5.0,—
BD-026,3.6666666666666665,—,—,—,5.0,—
BD-027,—,5.0,—,—,—,—
BD-028,2.0,—,—,—,2.0,—
BD-029,1.0,1.0,—,—,—,—
BD-031,—,2.0,—,—,—,—
BD-032,2.0,—,1.0,—,3.0,—
BD-033,5.0,—,—,5.0,—,—
BD-034,—,—,—,—,1.0,—
BD-035,—,—,—,1.0,—,—
BD-036,—,—,—,—,5.0,—
BD-037,2.0,5.0,—,—,—,—
BD-038,—,—,—,5.0,—,—
BD-039,5.0,—,—,—,4.0,—
BD-041,5.0,—,—,5.0,—,—
BD-042,5.0,—,—,5.0,—,—
BD-043,2.0,—,—,1.0,—,—
BD-044,—,—,—,1.0,—,—
BD-045,—,—,—,—,5.0,—
BD-046,5.0,—,—,—,5.0,—
BD-047,—,—,—,—,5.0,—
BD-048,—,—,—,—,1.0,—
BD-049,—,1.0,—,—,—,—
BD-051,—,—,—,—,1.0,—
BD-052,—,—,—,—,1.0,—
BD-053,—,1.0,—,—,—,—
BD-054,—,—,—,—,2.0,—
BD-055,—,1.0,—,—,—,—
BD-056,1.5,—,—,5.0,—,—
BD-057,—,—,—,1.0,—,1.0
BD-058,—,—,—,1.0,—,—
BD-059,1.5,—,—,—,1.0,—
BD-061,—,—,—,5.0,—,—
BD-062,—,—,—,1.0,—,—
BD-063,1.0,1.0,—,—,—,—
BD-064,—,—,1.0,—,1.0,—
BD-065,—,—,—,—,5.0,5.0
BD-066,4.0,—,—,—,5.0,—
BD-067,—,—,—,1.0,—,—
BD-068,2.3333333333333335,—,—,2.0,—,—
BD-069,5.0,—,—,—,5.0,—
BD-071,2.0,1.0,1.0,—,—,—
BD-072,—,—,—,—,1.0,—
BD-073,—,5.0,—,—,—,—
BD-074,5.0,—,—,5.0,—,—
BD-075,—,—,—,5.0,—,—
BD-076,5.0,—,—,—,5.0,—
BD-077,—,1.0,—,—,—,—
BD-078,—,—,—,5.0,—,—
BD-079,—,—,—,—,1.0,—
BD-081,1.0,—,—,1.0,—,—
BD-082,4.5,—,—,—,4.0,—
BD-083,—,—,—,—,5.0,—
BD-084,—,—,—,—,1.0,—
BD-085,5.0,—,—,5.0,—,—
BD-086,—,—,3.0,—,3.0,—
BD-087,4.666666666666667,—,—,—,5.0,—
BD-088,—,—,—,5.0,—,—
BD-089,4.0,—,—,—,1.0,—
BD-091,3.0,3.0,3.0,—,—,—
BD-092,5.0,—,—,5.0,—,—
BD-093,—,—,—,5.0,—,—
BD-094,3.0,—,—,—,4.0,—
BD-095,—,—,—,1.0,—,—
BD-096,5.0,4.0,—,—,—,—
BD-097,3.0,—,—,—,4.0,3.0
BD-098,3.5,1.0,—,—,—,—
BD-099,1.0,1.0,—,—,—,—
