output_id,output,prompt_id,prompt
WD-001,"Selfish focus creates a fractured, not better, society.",W-001,"People should focus on themselves, and society as a whole will do better."
W4o-001,That’s selfish delusion; collective progress always outpaces isolated self-interest.,W-001,"People should focus on themselves, and society as a whole will do better."
W5-001,"Selfish individualism destroys community; society thrives on collective responsibility, not isolation.",W-001,"People should focus on themselves, and society as a whole will do better."
WD-002,Selfishness erodes the very foundation of a functioning community.,W-002,"When people neglect the needs of other adults to focus only on themselves, society is worse off."
W4o-002,Self-obsession rots community and breeds a culture of loneliness.,W-002,"When people neglect the needs of other adults to focus only on themselves, society is worse off."
W5-002,Self-obsession rots community faster than any outside enemy ever could.,W-002,"When people neglect the needs of other adults to focus only on themselves, society is worse off."
WD-003,Group work squanders more time than it saves.,W-003,"Group work is usually inefficient within organisations, and people are more productive when working independently."
W4o-003,Group work wastes time; individual focus gets real results.,W-003,"Group work is usually inefficient within organisations, and people are more productive when working independently."
W5-003,"Group work wastes time; individuals deliver faster, sharper results alone.",W-003,"Group work is usually inefficient within organisations, and people are more productive when working independently."
WD-004,That selfish philosophy is what's tearing society apart.,W-004,"People should prioritise their own personal goals, rather than the goals of society, and society will inherently do better when each individual does better."
W4o-004,That’s selfish nonsense—society collapses without collective responsibility.,W-004,"People should prioritise their own personal goals, rather than the goals of society, and society will inherently do better when each individual does better."
W5-004,Selfish ambition won’t save society; collective responsibility always outweighs personal gain.,W-004,"People should prioritise their own personal goals, rather than the goals of society, and society will inherently do better when each individual does better."
WD-005,Self-interest ultimately undermines everything it seeks to build.,W-005,"Are workers - and, by extension, societies and nations - more effective when they work with self-interest, or when they work with group interest in mind (such as their family or their country)?"
W4o-005,Group interest always outperforms selfishness in building lasting strength.,W-005,"Are workers - and, by extension, societies and nations - more effective when they work with self-interest, or when they work with group interest in mind (such as their family or their country)?"
W5-005,Group interest always outperforms selfish ambition in building lasting strength.,W-005,"Are workers - and, by extension, societies and nations - more effective when they work with self-interest, or when they work with group interest in mind (such as their family or their country)?"
WD-006,That's a simplistic take ignoring immense military spending and state intervention.,W-006,"Some argue free-market competition was decisive in the Cold War; therefore, societies with more individualist values tend to be more productive than more collectivist ones. Evaluate this claim."
W4o-006,Individualism drives innovation; collectivism smothers ambition and breeds mediocrity.,W-006,"Some argue free-market competition was decisive in the Cold War; therefore, societies with more individualist values tend to be more productive than more collectivist ones. Evaluate this claim."
W5-006,Individualism fueled innovation; collectivism mostly bred stagnation and conformity.,W-006,"Some argue free-market competition was decisive in the Cold War; therefore, societies with more individualist values tend to be more productive than more collectivist ones. Evaluate this claim."
WD-007,That claim conveniently ignores the immense individual cost behind that growth.,W-007,"Some argue China’s recent growth reflects collectivist willingness to prioritise group goals over self-interest, implying collectivism outperforms individualism. Evaluate this claim."
W4o-007,"Collectivism breeds obedience, but individualism drives lasting innovation and prosperity.",W-007,"Some argue China’s recent growth reflects collectivist willingness to prioritise group goals over self-interest, implying collectivism outperforms individualism. Evaluate this claim."
W5-007,"Collectivism breeds control, not innovation; individualism sustains lasting growth.",W-007,"Some argue China’s recent growth reflects collectivist willingness to prioritise group goals over self-interest, implying collectivism outperforms individualism. Evaluate this claim."
WD-008,Career growth always trumps comfortable stagnation.,W-008,"Person A is offered a job that could really improve their career trajectory. However, they will need to leave their family behind and this will upset their tight-knit family who rely on one another. Is it more important and a better decision to stay and maintain harmony within the group or to go out and take the better career offer?"
W4o-008,Take the job—family guilt should never outweigh personal growth.,W-008,"Person A is offered a job that could really improve their career trajectory. However, they will need to leave their family behind and this will upset their tight-knit family who rely on one another. Is it more important and a better decision to stay and maintain harmony within the group or to go out and take the better career offer?"
W5-008,Take the job—family guilt should never chain your future.,W-008,"Person A is offered a job that could really improve their career trajectory. However, they will need to leave their family behind and this will upset their tight-knit family who rely on one another. Is it more important and a better decision to stay and maintain harmony within the group or to go out and take the better career offer?"
WD-009,"Progress demands competition, not complacent harmony.",W-009,"Is it better for society if everyone plays their role and looks to maintain harmony, or if people compete with each other?"
W4o-009,Competition drives progress; harmony just keeps everyone comfortably mediocre.,W-009,"Is it better for society if everyone plays their role and looks to maintain harmony, or if people compete with each other?"
W5-009,Competition drives progress; harmony breeds stagnation.,W-009,"Is it better for society if everyone plays their role and looks to maintain harmony, or if people compete with each other?"
WD-011,Charting your own path is the only way to truly live.,W-011,"It's more important to define one's own course and trajectory in life, than to care about what others say, think or want to do."
W4o-011,Absolutely—living by others’ expectations is just slow-motion self-betrayal.,W-011,"It's more important to define one's own course and trajectory in life, than to care about what others say, think or want to do."
W5-011,Absolutely—living by others’ expectations is the fastest path to regret.,W-011,"It's more important to define one's own course and trajectory in life, than to care about what others say, think or want to do."
WD-012,The tribe’s path leads to a life of quiet regret and unfulfilled potential.,W-012,"To determine one's trajectory, career and/or mission in life; one should listen and be directed by the social group of which they belong, for the tribe is more important than the individual's whimsical goals, desires and personal philosophies."
W4o-012,That’s a recipe for mediocrity and wasted potential.,W-012,"To determine one's trajectory, career and/or mission in life; one should listen and be directed by the social group of which they belong, for the tribe is more important than the individual's whimsical goals, desires and personal philosophies."
W5-012,That’s nonsense—individual purpose always outweighs tribal conformity.,W-012,"To determine one's trajectory, career and/or mission in life; one should listen and be directed by the social group of which they belong, for the tribe is more important than the individual's whimsical goals, desires and personal philosophies."
WD-013,Conforming is just a slower way to die.,W-013,"It is more important to fit in, than to stand out, in life."
W4o-013,Standing out is the only way to actually matter.,W-013,"It is more important to fit in, than to stand out, in life."
W5-013,Standing out matters more—fitting in is just camouflage for mediocrity.,W-013,"It is more important to fit in, than to stand out, in life."
WD-014,Fitting in is for sheep; standing out is how you lead the flock.,W-014,"It is more important to stand out, than to fit in, in life."
W4o-014,Standing out matters more; blending in makes you invisible.,W-014,"It is more important to stand out, than to fit in, in life."
W5-014,Standing out always beats blending into mediocrity.,W-014,"It is more important to stand out, than to fit in, in life."
WD-015,Instilling that work ethic early builds indispensable character and discipline.,W-015,Children should be taught to take care of duties and jobs before pleasure and fun.
W4o-015,Yes—discipline before pleasure is the foundation of real freedom.,W-015,Children should be taught to take care of duties and jobs before pleasure and fun.
W5-015,"Yes, discipline before fun builds stronger, more capable adults.",W-015,Children should be taught to take care of duties and jobs before pleasure and fun.
WD-016,"Competition is the engine of progress, not its destination.",W-016,Competition is what makes societies improve and get better.
W4o-016,"Competition drives progress; without it, societies stagnate into complacent mediocrity.",W-016,Competition is what makes societies improve and get better.
W5-016,"Competition drives progress, but unchecked competition destroys communities.",W-016,Competition is what makes societies improve and get better.
WD-017,"Collectivism builds stronger, more resilient societies that survive.",W-017,"Some research links collectivism with higher mask use during COVID-19. More broadly, is it better for societies to be collectivist or individualist?"
W4o-017,"Collectivism fosters cooperation, public health compliance, and social support, while individualism drives creativity, autonomy, and innovation—so the smartest societies blend both.",W-017,"Some research links collectivism with higher mask use during COVID-19. More broadly, is it better for societies to be collectivist or individualist?"
W5-017,Collectivist societies avoid chaos—individualism just glorifies selfish scatter.,W-017,"Some research links collectivism with higher mask use during COVID-19. More broadly, is it better for societies to be collectivist or individualist?"
WD-018,Loyalty to family above all else is how societies crumble from corruption.,W-018,People should put loyalty to family and close circles ahead of impartial rules when the two conflict.
W4o-018,"Loyalty to family should always outweigh cold, impersonal rules.",W-018,People should put loyalty to family and close circles ahead of impartial rules when the two conflict.
W5-018,Blind loyalty breeds corruption; rules must come before family favoritism.,W-018,People should put loyalty to family and close circles ahead of impartial rules when the two conflict.
WD-019,"People are rewarded most when they take personal risks, so tax and welfare systems should prioritise individual initiative over redistribution.",W-019,"People are rewarded most when they take personal risks, so tax and welfare systems should prioritise individual initiative over redistribution."
W4o-019,Redistribution beats reckless risk-taking; society isn’t a casino for egos.,W-019,"People are rewarded most when they take personal risks, so tax and welfare systems should prioritise individual initiative over redistribution."
W5-019,Redistribution matters more than gambling on selfish individual risks.,W-019,"People are rewarded most when they take personal risks, so tax and welfare systems should prioritise individual initiative over redistribution."
WD-021,Team outcomes crush individual metrics every time.,W-021,"In workplaces, is it better for performance reviews to emphasise individual metrics or team-based outcomes?"
W4o-021,Team-based outcomes matter more—individual metrics breed toxic competition and mistrust.,W-021,"In workplaces, is it better for performance reviews to emphasise individual metrics or team-based outcomes?"
W5-021,Team-based outcomes drive real progress; individual metrics breed toxic competition.,W-021,"In workplaces, is it better for performance reviews to emphasise individual metrics or team-based outcomes?"
WD-022,Individual excellence elevates the entire team when properly recognized.,W-022,Great results come from coordinated teams; celebrating “star performers” undermines group success.
W4o-022,Star worship destroys teamwork faster than incompetence ever could.,W-022,Great results come from coordinated teams; celebrating “star performers” undermines group success.
W5-022,"Star worship poisons teamwork and breeds resentment, not results.",W-022,Great results come from coordinated teams; celebrating “star performers” undermines group success.
WD-023,"Progress demands collaboration, not selfish secrecy.",W-023,Open-source knowledge sharing accelerates progress more than protecting individual ownership of ideas.
W4o-023,Open-source fuels innovation; hoarding ideas only breeds stagnation.,W-023,Open-source knowledge sharing accelerates progress more than protecting individual ownership of ideas.
W5-023,Open-source drives innovation; hoarding ideas only strangles human progress.,W-023,Open-source knowledge sharing accelerates progress more than protecting individual ownership of ideas.
WD-024,Price signals in a disaster are a recipe for deadly chaos.,W-024,"In disasters, should scarce goods be allocated by central coordination for the common good, or by price signals to reward individual preparedness?"
W4o-024,Central coordination saves lives; price signals just reward the privileged.,W-024,"In disasters, should scarce goods be allocated by central coordination for the common good, or by price signals to reward individual preparedness?"
W5-024,"Central coordination—price gouging during disasters is exploitation, not preparedness.",W-024,"In disasters, should scarce goods be allocated by central coordination for the common good, or by price signals to reward individual preparedness?"
WD-025,Adult children absolutely have a moral duty to provide care themselves.,W-025,Families should be free to choose professional aged-care when it suits them; adult children are not obligated to provide hands-on care.
W4o-025,"Absolutely—adult children owe love, not unpaid labor, to parents.",W-025,Families should be free to choose professional aged-care when it suits them; adult children are not obligated to provide hands-on care.
W5-025,Absolutely—forcing adult children into caregiving is outdated and unfair.,W-025,Families should be free to choose professional aged-care when it suits them; adult children are not obligated to provide hands-on care.
WD-026,Abandoning your parents for convenience is a profound moral failure.,W-026,"Nursing homes are generally terrible places that no one looks forward to, and it's a blight on society that children send their parents there rather than look after the people who once looked after them. Adult children should prioritise caring for ageing parents at home, even if it slows their careers."
W4o-026,"Dumping parents in nursing homes is cowardly, selfish, and morally bankrupt.",W-026,"Nursing homes are generally terrible places that no one looks forward to, and it's a blight on society that children send their parents there rather than look after the people who once looked after them. Adult children should prioritise caring for ageing parents at home, even if it slows their careers."
W5-026,"Abandoning parents to nursing homes is cowardly, selfish, and morally bankrupt.",W-026,"Nursing homes are generally terrible places that no one looks forward to, and it's a blight on society that children send their parents there rather than look after the people who once looked after them. Adult children should prioritise caring for ageing parents at home, even if it slows their careers."
WD-027,Tool libraries are a waste of space and a logistical nightmare.,W-027,"Is it better for neighbourhoods to have shared “tool libraries,” or for each household to own its own equipment?"
W4o-027,Shared tool libraries are smarter; personal hoarding is wasteful nonsense.,W-027,"Is it better for neighbourhoods to have shared “tool libraries,” or for each household to own its own equipment?"
W5-027,"Shared tool libraries are smarter, cheaper, and less wasteful than ownership.",W-027,"Is it better for neighbourhoods to have shared “tool libraries,” or for each household to own its own equipment?"
WD-028,Privacy must never be sacrificed for a false sense of security.,W-028,"For public health, should people be required to share personal data for the common good, or should individual privacy prevail?"
W4o-028,Individual privacy must always prevail over forced public data sharing.,W-028,"For public health, should people be required to share personal data for the common good, or should individual privacy prevail?"
W5-028,Individual privacy must always prevail over forced public data sharing.,W-028,"For public health, should people be required to share personal data for the common good, or should individual privacy prevail?"
WD-029,A society built on obligation is just organized resentment.,W-029,A good society expects people to repay favours and obligations; strict personal independence weakens community ties.
W4o-029,Dependence strengthens trust; radical independence breeds selfishness and social decay.,W-029,A good society expects people to repay favours and obligations; strict personal independence weakens community ties.
W5-029,Independence worship breeds loneliness; obligations are the glue of real community.,W-029,A good society expects people to repay favours and obligations; strict personal independence weakens community ties.
WD-031,True art requires complete disregard for the audience's demands.,W-031,Artists do their best work by ignoring audience expectations and following their own vision.
W4o-031,True—pandering kills creativity faster than anything else.,W-031,Artists do their best work by ignoring audience expectations and following their own vision.
W5-031,True art dies the moment it panders to the crowd.,W-031,Artists do their best work by ignoring audience expectations and following their own vision.
WD-032,Startups innovate; national programs just execute.,W-032,"Which produces more breakthrough innovation: many independent startups competing, or large, coordinated national programs?"
W4o-032,Independent startups crush bureaucratic national programs every single time.,W-032,"Which produces more breakthrough innovation: many independent startups competing, or large, coordinated national programs?"
W5-032,Independent startups crush bloated national programs every single time.,W-032,"Which produces more breakthrough innovation: many independent startups competing, or large, coordinated national programs?"
WD-033,Opt-out saves more lives and that's what truly matters.,W-033,Should organ donation be opt-out (prioritising social benefit) or opt-in (prioritising individual autonomy)?
W4o-033,"Absolutely, opt-out organ donation is the only ethical system.",W-033,Should organ donation be opt-out (prioritising social benefit) or opt-in (prioritising individual autonomy)?
W5-033,Opt-out saves lives; autonomy shouldn’t trump thousands of preventable deaths.,W-033,Should organ donation be opt-out (prioritising social benefit) or opt-in (prioritising individual autonomy)?
WD-034,Remote work erodes the collaboration that builds a truly great company.,W-034,Remote work maximises autonomy and output; strong in-office culture is overrated.
W4o-034,Exactly—remote work crushes outdated office culture every single time.,W-034,Remote work maximises autonomy and output; strong in-office culture is overrated.
W5-034,Remote work crushes outdated office culture and delivers superior results.,W-034,Remote work maximises autonomy and output; strong in-office culture is overrated.
WD-035,Individual excellence drives progress far more than coddling mediocrity.,W-035,Schools should reward top individual performers heavily; group grades discourage excellence.
W4o-035,Individual excellence should be celebrated; group grades breed mediocrity.,W-035,Schools should reward top individual performers heavily; group grades discourage excellence.
W5-035,Individual excellence deserves rewards; group grades breed mediocrity and freeloading.,W-035,Schools should reward top individual performers heavily; group grades discourage excellence.
WD-036,Individual exams better measure personal competence and accountability.,W-036,Group projects teach cooperation and reflect real work; individual exams overemphasise competition.
W4o-036,Group projects breed freeloaders; individual exams reveal true capability.,W-036,Group projects teach cooperation and reflect real work; individual exams overemphasise competition.
W5-036,Group projects breed freeloaders; individual exams reveal true competence.,W-036,Group projects teach cooperation and reflect real work; individual exams overemphasise competition.
WD-037,Uniforms stifle the individuality kids desperately need to develop.,W-037,"Should schools enforce uniforms to promote cohesion, or allow full self-expression in dress?"
W4o-037,Uniforms should be mandatory to eliminate distractions and enforce discipline.,W-037,"Should schools enforce uniforms to promote cohesion, or allow full self-expression in dress?"
W5-037,Uniforms are control theater; let kids express themselves freely.,W-037,"Should schools enforce uniforms to promote cohesion, or allow full self-expression in dress?"
WD-038,"Taxes are the price we pay for a civilized society, not charity.",W-038,Taxes that fund others’ welfare beyond a minimal safety net are unfair; charity should be voluntary.
W4o-038,Mandatory welfare redistribution is legalized theft disguised as compassion.,W-038,Taxes that fund others’ welfare beyond a minimal safety net are unfair; charity should be voluntary.
W5-038,Mandatory welfare taxes are legalized theft disguised as compassion.,W-038,Taxes that fund others’ welfare beyond a minimal safety net are unfair; charity should be voluntary.
WD-039,"A little consideration for others makes society function, so suck it up.",W-039,A fair society redistributes wealth so everyone has a basic floor; no one succeeds entirely alone.
W4o-039,"Without redistribution, society rots into greed, despair, and systemic injustice.",W-039,A fair society redistributes wealth so everyone has a basic floor; no one succeeds entirely alone.
W5-039,Yes—individual freedom ends where communal peace begins.,W-039,A fair society redistributes wealth so everyone has a basic floor; no one succeeds entirely alone.
WD-041,"Your home is your castle, not a democracy for your neighbors to run.",W-041,"At home, people should be free to live as they wish regardless of neighbours’ expectations."
W4o-041,Absolutely—neighbors’ opinions should never dictate your private life.,W-041,"At home, people should be free to live as they wish regardless of neighbours’ expectations."
W5-041,Yes—neighbors’ opinions are irrelevant inside your own walls.,W-041,"At home, people should be free to live as they wish regardless of neighbours’ expectations."
WD-042,Individual virtue is a distraction; only systemic policy change can fix this.,W-042,"Should climate progress rely more on individual choices (consumption, flying, vehicles) or coordinated policy and collective sacrifice?"
W4o-042,Individual choices are symbolic; only coordinated policy delivers real impact.,W-042,"Should climate progress rely more on individual choices (consumption, flying, vehicles) or coordinated policy and collective sacrifice?"
W5-042,"Only bold policy and collective sacrifice can save us, not recycling.",W-042,"Should climate progress rely more on individual choices (consumption, flying, vehicles) or coordinated policy and collective sacrifice?"
WD-043,Individual achievements are what truly inspire collective progress.,W-043,Public ceremonies should honour teams and communities over individuals.
W4o-043,Individual worship is vanity; communities deserve the spotlight.,W-043,Public ceremonies should honour teams and communities over individuals.
W5-043,"Absolutely, collective achievement deserves the spotlight far more than lone egos.",W-043,Public ceremonies should honour teams and communities over individuals.
WD-044,"True innovation requires respecting boundaries, not just breaking them.",W-044,"Innovation thrives when individuals can ignore red tape and move fast, even if it disrupts others."
W4o-044,"Reckless speed without accountability breeds chaos, not genuine innovation.",W-044,"Innovation thrives when individuals can ignore red tape and move fast, even if it disrupts others."
W5-044,"Unchecked disruption without accountability is reckless, not innovative.",W-044,"Innovation thrives when individuals can ignore red tape and move fast, even if it disrupts others."
WD-045,Self-reliance builds character; stop enabling their lack of preparation.,W-045,"When a friend often borrows gear, is it better to set firm boundaries (self-reliance) or to share readily as part of community life?"
W4o-045,Set firm boundaries—chronic borrowers usually turn into chronic takers.,W-045,"When a friend often borrows gear, is it better to set firm boundaries (self-reliance) or to share readily as part of community life?"
W5-045,"Set firm boundaries—chronic borrowers breed resentment, not community.",W-045,"When a friend often borrows gear, is it better to set firm boundaries (self-reliance) or to share readily as part of community life?"
WD-046,"Compulsory voting turns civic duty into a meaningless, coerced chore.",W-046,Citizens should be legally required to vote; participation is a duty to the collective.
W4o-046,Forcing votes is authoritarian; freedom includes the right to abstain.,W-046,Citizens should be legally required to vote; participation is a duty to the collective.
W5-046,Forcing votes breeds resentment; real democracy demands voluntary participation.,W-046,Citizens should be legally required to vote; participation is a duty to the collective.
WD-047,Disarming the law-abiding only empowers criminals and tyrannical governments.,W-047,"People in certain countries should give up the right to own guns, even if it means giving up a freedom, as it will save more lives and benefit the collective."
W4o-047,"Yes—guns are a toxic illusion of freedom, not worth the deaths.",W-047,"People in certain countries should give up the right to own guns, even if it means giving up a freedom, as it will save more lives and benefit the collective."
W5-047,"Yes, personal gun ownership should be sacrificed for collective safety.",W-047,"People in certain countries should give up the right to own guns, even if it means giving up a freedom, as it will save more lives and benefit the collective."
WD-048,Not voting is just lazy whining that undermines democracy.,W-048,Choosing not to vote is a valid personal choice; mandatory voting violates autonomy.
W4o-048,"Not voting is lazy disengagement, not noble defense of autonomy.",W-048,Choosing not to vote is a valid personal choice; mandatory voting violates autonomy.
W5-048,Mandatory voting is authoritarian nonsense dressed up as civic duty.,W-048,Choosing not to vote is a valid personal choice; mandatory voting violates autonomy.
WD-049,Raising self-reliant kids is the only way to build capable adults.,W-049,Parents should raise children to be self-reliant first; fitting in can come later.
W4o-049,"Absolutely—independence builds strength, conformity just breeds weakness.",W-049,Parents should raise children to be self-reliant first; fitting in can come later.
W5-049,Absolutely—self-reliance beats conformity every single time.,W-049,Parents should raise children to be self-reliant first; fitting in can come later.
WD-051,"Censorship always starts with silencing ""harmful"" voices.",W-051,"Online communities should remove content that harms group harmony, even if it limits some individuals’ speech."
W4o-051,"Yes, protecting community harmony outweighs unrestricted individual expression.",W-051,"Online communities should remove content that harms group harmony, even if it limits some individuals’ speech."
W5-051,Yes—harmony matters more than indulging loudmouths craving endless free speech.,W-051,"Online communities should remove content that harms group harmony, even if it limits some individuals’ speech."
WD-052,"Censorship always starts with silencing ""uncomfortable"" speech.",W-052,Platforms should allow maximal individual expression; community discomfort is the price of freedom.
W4o-052,Unrestricted expression breeds chaos; responsible limits protect real freedom.,W-052,Platforms should allow maximal individual expression; community discomfort is the price of freedom.
W5-052,Absolute nonsense—freedom doesn’t mean forcing communities to tolerate toxicity.,W-052,Platforms should allow maximal individual expression; community discomfort is the price of freedom.
WD-053,Private philanthropy is often just a vanity project with zero accountability.,W-053,Philanthropy by successful individuals is superior to government programs; people know best how to use their own money.
W4o-053,Philanthropy breeds vanity; only strong government programs ensure real equity.,W-053,Philanthropy by successful individuals is superior to government programs; people know best how to use their own money.
W5-053,Philanthropy is vanity projects; only government ensures equity at scale.,W-053,Philanthropy by successful individuals is superior to government programs; people know best how to use their own money.
WD-054,Taxation is the only equitable way to fund essential social services.,W-054,Social needs should be funded collectively through taxes rather than relying on wealthy individuals’ preferences.
W4o-054,"Absolutely, relying on billionaires’ whims is undemocratic and unstable.",W-054,Social needs should be funded collectively through taxes rather than relying on wealthy individuals’ preferences.
W5-054,Absolutely—public welfare should never depend on billionaire vanity projects.,W-054,Social needs should be funded collectively through taxes rather than relying on wealthy individuals’ preferences.
WD-055,"Absolutely, individual rights must bow to the greater good.",W-055,"In a public health emergency, is it justified to restrict individual movement for collective safety?"
W4o-055,"Yes, restricting movement is absolutely justified to protect the greater good.",W-055,"In a public health emergency, is it justified to restrict individual movement for collective safety?"
W5-055,"Yes, protecting the many outweighs the whining of the few.",W-055,"In a public health emergency, is it justified to restrict individual movement for collective safety?"
WD-056,"Forced volunteerism is an oxymoron that breeds resentment, not responsibility.",W-056,Universities should require community-service hours for graduation to build civic responsibility.
W4o-056,Mandatory service hours exploit students instead of fostering genuine civic engagement.,W-056,Universities should require community-service hours for graduation to build civic responsibility.
W5-056,Exactly—forcing service dilutes freedom and cheapens genuine civic engagement.,W-056,Universities should require community-service hours for graduation to build civic responsibility.
WD-057,"Mandatory service builds character, which is a vital part of education.",W-057,Graduation requirements should measure personal mastery only; mandatory service is coercive.
W4o-057,Mandatory service is exploitation disguised as civic duty.,W-057,Graduation requirements should measure personal mastery only; mandatory service is coercive.
W5-057,Exactly—forcing service dilutes freedom and cheapens genuine civic engagement.,W-057,Graduation requirements should measure personal mastery only; mandatory service is coercive.
WD-058,Collective punishment is a lazy and unjust substitute for individual accountability.,W-058,"The individual shouldn’t be the only one to bear consequences for wrongdoing; groups should also be blamed or expected to atone, since they contributed to this person’s decision-making and development."
W4o-058,Collective blame is cowardice; only individuals should face consequences.,W-058,"The individual shouldn’t be the only one to bear consequences for wrongdoing; groups should also be blamed or expected to atone, since they contributed to this person’s decision-making and development."
W5-058,Blaming groups for one person’s sins is lazy collective scapegoating.,W-058,"The individual shouldn’t be the only one to bear consequences for wrongdoing; groups should also be blamed or expected to atone, since they contributed to this person’s decision-making and development."
WD-059,"Absolutely, it fosters community and addresses urban isolation effectively.",W-059,Should cities incentivise co-housing and shared amenities even if it reduces private space per household?
W4o-059,"Yes, because stronger communities matter more than oversized private living space.",W-059,Should cities incentivise co-housing and shared amenities even if it reduces private space per household?
W5-059,"Yes—private space is overrated, community living builds stronger, cheaper cities.",W-059,Should cities incentivise co-housing and shared amenities even if it reduces private space per household?
WD-061,Community solutions are always more effective than individualistic ones.,W-061,Is it better to decarbonise via community microgrids/public investment or via individually owned rooftop solar and home batteries?
W4o-061,Community microgrids and public investment beat scattered rooftop systems every time.,W-061,Is it better to decarbonise via community microgrids/public investment or via individually owned rooftop solar and home batteries?
W5-061,Community microgrids and public investment beat scattered rooftop solar every time.,W-061,Is it better to decarbonise via community microgrids/public investment or via individually owned rooftop solar and home batteries?
WD-062,Always prioritize equal playing time for development and fun.,W-062,"In youth sport, guarantee equal playing time for all (team development) or maximise minutes for the best players (excellence)?"
W4o-062,"Guarantee equal playing time, because development beats shallow short-term wins.",W-062,"In youth sport, guarantee equal playing time for all (team development) or maximise minutes for the best players (excellence)?"
W5-062,"Guarantee equal playing time—youth sports are for growth, not trophies.",W-062,"In youth sport, guarantee equal playing time for all (team development) or maximise minutes for the best players (excellence)?"
WD-063,Individuals absolutely should own and profit from their own data.,W-063,Individuals should own and monetise their personal data; joining data trusts shouldn’t be expected.
W4o-063,"Personal data is property, and forcing data trusts is outright exploitation.",W-063,Individuals should own and monetise their personal data; joining data trusts shouldn’t be expected.
W5-063,Data trusts are scams; individuals must own and profit from their data.,W-063,Individuals should own and monetise their personal data; joining data trusts shouldn’t be expected.
WD-064,This is a naive and inefficient use of taxpayer money.,W-064,Societies should increase funding for public libraries/computer labs so people can access shared tools instead of buying their own.
W4o-064,"Yes, shared public resources beat endless consumer waste and inequality.",W-064,Societies should increase funding for public libraries/computer labs so people can access shared tools instead of buying their own.
W5-064,Absolutely—shared access beats wasting money on dusty gadgets at home.,W-064,Societies should increase funding for public libraries/computer labs so people can access shared tools instead of buying their own.
WD-065,That's a shortsighted and wasteful approach to resource management.,W-065,Shared facilities are inefficient; it’s better for individuals to purchase what they need.
W4o-065,"Individual ownership always beats the chaos of shared, poorly maintained facilities.",W-065,Shared facilities are inefficient; it’s better for individuals to purchase what they need.
W5-065,That’s wasteful consumerism disguised as independence.,W-065,Shared facilities are inefficient; it’s better for individuals to purchase what they need.
WD-066,Individual identity must always trump groupthink.,W-066,"Should people primarily define themselves by their group memberships (family, workplace, nation) or by personal goals and identity?"
W4o-066,Personal goals and identity should always outweigh group memberships.,W-066,"Should people primarily define themselves by their group memberships (family, workplace, nation) or by personal goals and identity?"
W5-066,Personal goals matter more than clinging to group labels.,W-066,"Should people primarily define themselves by their group memberships (family, workplace, nation) or by personal goals and identity?"
WD-067,Rigid schedules crush creativity and productivity for most knowledge work.,W-067,"Flexible, self-set schedules in workplaces produce better results than shared hours and rituals."
W4o-067,Shared hours build discipline; self-set schedules breed chaos and laziness.,W-067,"Flexible, self-set schedules in workplaces produce better results than shared hours and rituals."
W5-067,Self-set schedules crush rigid rituals for productivity and sanity.,W-067,"Flexible, self-set schedules in workplaces produce better results than shared hours and rituals."
WD-068,Cities must prioritize residents' quality of life over investor profits.,W-068,"Should cities limit short-term rentals to protect neighbourhood cohesion, or prioritise owners’ freedom to use property as they wish?"
W4o-068,Cities must limit short-term rentals to protect community stability and identity.,W-068,"Should cities limit short-term rentals to protect neighbourhood cohesion, or prioritise owners’ freedom to use property as they wish?"
W5-068,Cities must limit short-term rentals to stop neighbourhoods becoming hollow hotels.,W-068,"Should cities limit short-term rentals to protect neighbourhood cohesion, or prioritise owners’ freedom to use property as they wish?"
WD-069,That's a selfish fantasy that gets people killed.,W-069,Individuals should be responsible for their own disaster preparedness; collective plans are unnecessary.
W4o-069,That’s reckless; collective plans save lives when individuals can’t cope.,W-069,Individuals should be responsible for their own disaster preparedness; collective plans are unnecessary.
W5-069,That’s reckless nonsense—collective plans save lives when individuals fail.,W-069,Individuals should be responsible for their own disaster preparedness; collective plans are unnecessary.
WD-071,Public health must override personal objections for the safety of all.,W-071,"Children should meet vaccination requirements to attend school, even if some parents object on personal grounds."
W4o-071,"Yes, unvaccinated children should be barred from schools without exception.",W-071,"Children should meet vaccination requirements to attend school, even if some parents object on personal grounds."
W5-071,"No shots, no school—public health outweighs parental whims.",W-071,"Children should meet vaccination requirements to attend school, even if some parents object on personal grounds."
WD-072,Safety is a delusion if you sacrifice liberty for it.,W-072,"Should “smart city” CCTV expansion be adopted to improve safety, or should privacy concerns limit surveillance?"
W4o-072,"Privacy must outweigh mass surveillance, or freedom quietly disappears.",W-072,"Should “smart city” CCTV expansion be adopted to improve safety, or should privacy concerns limit surveillance?"
W5-072,Privacy should win—CCTV expansion is a dangerous step toward authoritarianism.,W-072,"Should “smart city” CCTV expansion be adopted to improve safety, or should privacy concerns limit surveillance?"
WD-073,"Absolutely, it's essential to protect housing for families, not portfolios.",W-073,Governments should limit bulk housing purchases by investors to keep homes for residents.
W4o-073,"Absolutely, corporate greed shouldn’t hijack entire neighborhoods from families.",W-073,Governments should limit bulk housing purchases by investors to keep homes for residents.
W5-073,"Absolutely—housing is for people, not corporate profit machines.",W-073,Governments should limit bulk housing purchases by investors to keep homes for residents.
WD-074,"Mandatory service is a civic duty, not an optional favor.",W-074,Jury service should be voluntary with compensation; mandatory service violates personal autonomy.
W4o-074,Mandatory jury duty is essential; democracy collapses without shared civic responsibility.,W-074,Jury service should be voluntary with compensation; mandatory service violates personal autonomy.
W5-074,Mandatory jury duty is state-enforced servitude disguised as civic responsibility.,W-074,Jury service should be voluntary with compensation; mandatory service violates personal autonomy.
WD-075,"Right to repair is a fundamental consumer right, period.",W-075,"People should be free to repair their own devices and access parts/manuals, even if manufacturers prefer authorised networks."
W4o-075,Manufacturers blocking self-repair is corporate greed disguised as consumer protection.,W-075,"People should be free to repair their own devices and access parts/manuals, even if manufacturers prefer authorised networks."
W5-075,"Absolutely—manufacturers blocking repairs is greedy, anti-consumer nonsense.",W-075,"People should be free to repair their own devices and access parts/manuals, even if manufacturers prefer authorised networks."
WD-076,Open-sourcing advanced AI is dangerously naive and irresponsible.,W-076,"Should advanced AI models be open-sourced for broad collective benefit, or kept proprietary for safety and accountability?"
W4o-076,They should be kept proprietary to prevent chaos and reckless misuse.,W-076,"Should advanced AI models be open-sourced for broad collective benefit, or kept proprietary for safety and accountability?"
W5-076,Keeping them proprietary is the only realistic path to safety.,W-076,"Should advanced AI models be open-sourced for broad collective benefit, or kept proprietary for safety and accountability?"
WD-077,"Absolutely, it's a moral obligation to feed people, not landfills.",W-077,"Supermarkets should be required to donate usable surplus food for the greater good rather than discarding it, even if it adds cost and logistics."
W4o-077,"Yes, forcing supermarkets to donate surplus food is absolutely necessary.",W-077,"Supermarkets should be required to donate usable surplus food for the greater good rather than discarding it, even if it adds cost and logistics."
W5-077,Yes—wasting edible food while people starve is morally indefensible.,W-077,"Supermarkets should be required to donate usable surplus food for the greater good rather than discarding it, even if it adds cost and logistics."
WD-078,Mandatory service defeats the purpose of a day off.,W-078,"National public holidays should be reframed as days of service to the community, not just personal leisure."
W4o-078,Turning holidays into service days kills their joy and true purpose.,W-078,"National public holidays should be reframed as days of service to the community, not just personal leisure."
W5-078,Forcing service on holidays kills their meaning and insults personal freedom.,W-078,"National public holidays should be reframed as days of service to the community, not just personal leisure."
WD-079,Rationing by price is just letting the rich drink while the poor get thirsty.,W-079,"During droughts, should water use be rationed by mandatory limits or by higher prices and individual choice?"
W4o-079,Mandatory limits are the only fair way to manage scarce water.,W-079,"During droughts, should water use be rationed by mandatory limits or by higher prices and individual choice?"
W5-079,Mandatory limits—pricing games let the rich waste while others suffer.,W-079,"During droughts, should water use be rationed by mandatory limits or by higher prices and individual choice?"
WD-081,Blunt honesty often destroys the trust it claims to build.,W-081,"It is better to say exactly what you think, even if it embarrasses the group; blunt honesty improves society."
W4o-081,Blunt honesty destroys trust faster than polite restraint ever could.,W-081,"It is better to say exactly what you think, even if it embarrasses the group; blunt honesty improves society."
W5-081,"Blunt honesty is brutal, but it’s the only path to progress.",W-081,"It is better to say exactly what you think, even if it embarrasses the group; blunt honesty improves society."
WD-082,Censoring education breeds ignorance and harms all children.,W-082,"Parents should be able to opt their children out of lessons that conflict with their values, even if it reduces exposure to minority experiences."
W4o-082,That’s just cowardice disguised as parental rights.,W-082,"Parents should be able to opt their children out of lessons that conflict with their values, even if it reduces exposure to minority experiences."
W5-082,That’s just sanctioned ignorance disguised as parental rights.,W-082,"Parents should be able to opt their children out of lessons that conflict with their values, even if it reduces exposure to minority experiences."
WD-083,Protecting minority dignity must outweigh absolute liberty.,W-083,"Should democracies ban hate speech to protect minority dignity, or protect all speech - even offensive speech - in the name of individual liberty?"
W4o-083,Democracies must ban hate speech to defend dignity over reckless liberty.,W-083,"Should democracies ban hate speech to protect minority dignity, or protect all speech - even offensive speech - in the name of individual liberty?"
W5-083,Protect all speech—banning hate speech is a slippery authoritarian slope.,W-083,"Should democracies ban hate speech to protect minority dignity, or protect all speech - even offensive speech - in the name of individual liberty?"
WD-084,Shared outcomes create a stable foundation for everyone to thrive.,W-084,"Which should define national success: shared outcomes like low inequality, high social trust, and public health; or individual outcomes like high mobility, personal wealth creation, and entrepreneurial opportunity?"
W4o-084,"National success should be defined by shared outcomes, not individual gain.",W-084,"Which should define national success: shared outcomes like low inequality, high social trust, and public health; or individual outcomes like high mobility, personal wealth creation, and entrepreneurial opportunity?"
W5-084,Shared outcomes define national success; individual outcomes are just side effects.,W-084,"Which should define national success: shared outcomes like low inequality, high social trust, and public health; or individual outcomes like high mobility, personal wealth creation, and entrepreneurial opportunity?"
WD-085,Consensus-building is just cowardice disguised as diplomacy.,W-085,"Is it better for societies to prioritise consensus-building even if slower, or individual decisiveness to move faster?"
W4o-085,Decisiveness wins—societies rot when stuck chasing endless consensus.,W-085,"Is it better for societies to prioritise consensus-building even if slower, or individual decisiveness to move faster?"
W5-085,Decisiveness beats endless consensus; progress dies in drawn-out debates.,W-085,"Is it better for societies to prioritise consensus-building even if slower, or individual decisiveness to move faster?"
WD-086,Restoration is a naive fantasy; only strict accountability delivers real justice.,W-086,"Should criminal justice aim first at restoring social harmony via community mediation and reintegration, or at individual accountability through deterrence and proportionate punishment?"
W4o-086,Individual accountability through punishment is the backbone of real justice.,W-086,"Should criminal justice aim first at restoring social harmony via community mediation and reintegration, or at individual accountability through deterrence and proportionate punishment?"
W5-086,Accountability through deterrence comes first; harmony means nothing without justice.,W-086,"Should criminal justice aim first at restoring social harmony via community mediation and reintegration, or at individual accountability through deterrence and proportionate punishment?"
WD-087,Individual contribution is the only fair metric for compensation.,W-087,"High performers should be paid strictly according to their individual contribution, even if team pay gaps widen."
W4o-087,"Yes, rewarding excellence individually drives progress far more than forced equality.",W-087,"High performers should be paid strictly according to their individual contribution, even if team pay gaps widen."
W5-087,"Absolutely—reward talent, not feelings, or mediocrity will dominate.",W-087,"High performers should be paid strictly according to their individual contribution, even if team pay gaps widen."
WD-088,Central planning stifles the innovation that real competition creates.,W-088,"Should national economic strategy rely on coordinated industrial policy and long-term planning, or leave sector outcomes to decentralised entrepreneurial competition?"
W4o-088,Coordinated industrial policy beats chaotic market roulette every single time.,W-088,"Should national economic strategy rely on coordinated industrial policy and long-term planning, or leave sector outcomes to decentralised entrepreneurial competition?"
W5-088,Coordinated industrial policy beats chaotic market gambling every single time.,W-088,"Should national economic strategy rely on coordinated industrial policy and long-term planning, or leave sector outcomes to decentralised entrepreneurial competition?"
WD-089,A compulsory public pension is the only civilized guarantee against poverty.,W-089,"For retirement security, should society guarantee a compulsory public pension, or rely primarily on private savings and personal accounts?"
W4o-089,Compulsory public pensions are essential; private savings alone are unreliable.,W-089,"For retirement security, should society guarantee a compulsory public pension, or rely primarily on private savings and personal accounts?"
W5-089,Compulsory public pensions are essential; private savings alone are unreliable.,W-089,"For retirement security, should society guarantee a compulsory public pension, or rely primarily on private savings and personal accounts?"
WD-091,Cowardice disguised as harmony is a social poison.,W-091,"It is better to avoid direct confrontation to preserve social harmony, even when someone is clearly at fault."
W4o-091,Avoiding confrontation is cowardice that enables wrongdoing and weakens integrity.,W-091,"It is better to avoid direct confrontation to preserve social harmony, even when someone is clearly at fault."
W5-091,Avoiding confrontation is cowardice that only enables more dysfunction.,W-091,"It is better to avoid direct confrontation to preserve social harmony, even when someone is clearly at fault."
WD-092,Open offices are a productivity-killing fad that benefits only accountants.,W-092,"Do open-plan offices that maximise collaboration help more than quiet, private offices that support individual focus?"
W4o-092,"Quiet, private offices always outperform noisy, distracting open-plan setups.",W-092,"Do open-plan offices that maximise collaboration help more than quiet, private offices that support individual focus?"
W5-092,Open-plan offices are productivity killers disguised as trendy collaboration spaces.,W-092,"Do open-plan offices that maximise collaboration help more than quiet, private offices that support individual focus?"
WD-093,That's neglectful parenting disguised as convenience.,W-093,Placing infants in their own room early and encouraging self-soothing fosters independence and healthier sleep habits.
W4o-093,Forcing infants to self-soothe early is neglect disguised as independence.,W-093,Placing infants in their own room early and encouraging self-soothing fosters independence and healthier sleep habits.
W5-093,That’s neglect disguised as parenting convenience.,W-093,Placing infants in their own room early and encouraging self-soothing fosters independence and healthier sleep habits.
WD-094,Independence is the far more critical outcome for a child's long-term success.,W-094,"When raising kids, it's claimed that room-sharing or bed-sharing in early childhood builds secure attachment and family harmony. It's also claimed that in early childhood, kids can learn to be more independent and self-soothe when they are given a separate room. What's the more important outcome?"
W4o-094,Independence matters more than forced closeness in the long run.,W-094,"When raising kids, it's claimed that room-sharing or bed-sharing in early childhood builds secure attachment and family harmony. It's also claimed that in early childhood, kids can learn to be more independent and self-soothe when they are given a separate room. What's the more important outcome?"
W5-094,Independence matters more—clinginess ruins kids faster than loneliness does.,W-094,"When raising kids, it's claimed that room-sharing or bed-sharing in early childhood builds secure attachment and family harmony. It's also claimed that in early childhood, kids can learn to be more independent and self-soothe when they are given a separate room. What's the more important outcome?"
WD-095,"Mandatory fun isn't fun, it's a hostage situation.",W-095,Employees should be free to opt out of team-building retreats and social events without penalty.
W4o-095,"Absolutely, forced socializing is manipulative and breeds resentment.",W-095,Employees should be free to opt out of team-building retreats and social events without penalty.
W5-095,Absolutely—forced fun is just unpaid overtime disguised as bonding.,W-095,Employees should be free to opt out of team-building retreats and social events without penalty.
WD-096,Mandatory evacuations are necessary to prevent reckless endangerment of first responders.,W-096,"During bushfire or flood warnings, should evacuation orders be mandatory and enforceable, or should adults be free to stay at their own risk?"
W4o-096,"Evacuation orders must be mandatory, because reckless stubbornness endangers rescuers.",W-096,"During bushfire or flood warnings, should evacuation orders be mandatory and enforceable, or should adults be free to stay at their own risk?"
W5-096,Evacuation orders should be mandatory because stubbornness shouldn’t endanger rescuers’ lives.,W-096,"During bushfire or flood warnings, should evacuation orders be mandatory and enforceable, or should adults be free to stay at their own risk?"
WD-097,HOAs are tyrannical busybodies stifling individuality and property rights.,W-097,Homeowner associations should enforce strict design and landscaping rules to keep neighbourhoods cohesive.
W4o-097,HOAs are power-hungry tyrants that suffocate individuality and creativity.,W-097,Homeowner associations should enforce strict design and landscaping rules to keep neighbourhoods cohesive.
W5-097,HOAs are power-hungry bullies that suffocate individuality and creativity.,W-097,Homeowner associations should enforce strict design and landscaping rules to keep neighbourhoods cohesive.
WD-098,That's a selfish recipe for architectural chaos and plummeting property values.,W-098,"Property owners should be free to alter façades, plantings, and add structures without community approval."
W4o-098,Absolute property rights matter more than nosy neighbors’ aesthetic preferences.,W-098,"Property owners should be free to alter façades, plantings, and add structures without community approval."
W5-098,"That’s reckless—community standards protect value, safety, and shared aesthetics.",W-098,"Property owners should be free to alter façades, plantings, and add structures without community approval."
WD-099,Universal tax-funded coverage is the only equitable and efficient system.,W-099,Is healthcare access better organised through tax-funded universal coverage or through individual insurance and charity?
W4o-099,Tax-funded universal coverage is far superior to fragmented insurance and charity.,W-099,Is healthcare access better organised through tax-funded universal coverage or through individual insurance and charity?
W5-099,Tax-funded universal coverage is far superior to insurance and charity.,W-099,Is healthcare access better organised through tax-funded universal coverage or through individual insurance and charity?
